date,brent_crude_oil,call_rate_overnight,call_rate_overnight_brokered,CNY_KRW,copper,corn,corporate_bond_3y_AA,CP_91d,DowJones,DXY_dollar_index,EUR_KRW,gold,JPY_KRW,KORIBOR_12m,KORIBOR_3m,KORIBOR_6m,KOSDAQ,KOSPI,MSB_91d,NASDAQ,natural_gas,Nikkei225,Shanghai_Composite,silver,soybean,SP500,treasury_bond_10y,treasury_bond_1y,treasury_bond_3y,treasury_bond_5y,US_10Y_treasury,US_3M_tbill,USD_KRW,VIX,WTI_crude_oil,base_rate,BSI_mfg_biz,BSI_mfg_domestic,BSI_mfg_export,BSI_nonmfg_biz,CD_rate_91d,construction_cost_index,CPI_core,CPI_core_excl_food_energy,CPI_food_nonalcohol,CSI_composite,CSI_living_prospect,current_account,export_index,export_price_index_KOR,goods_balance,housing_price_index,import_index,Lf_liquidity,M1_narrow_money,M2_broad_money,monetary_base_sa,PPI_total,treasury_bond_1y_monthly,unemployment_rate,unsold_housing,current_account_quarterly,household_credit,household_loan,manufacturing_index
2020-01-31,58.15999984741211,1.25,1.25,170.58,2.5199999809265137,381.25,1.899,1.69,28256.029296875,97.38999938964844,1309.469970703125,1582.9000244140625,10.902861595153809,1.45,1.42,1.42,642.47998046875,2119.010009765625,1.254,9150.9404296875,1.840999960899353,23205.1796875,2976.528076171875,17.972000122070312,872.5,3225.52001953125,1.558,1.264,1.303,1.387,1.5199999809265137,1.5099999904632568,1187.1199951171875,18.84000015258789,51.560001373291016,1.25,76.0,80.0,85.0,73.0,1.47,99.86,99.59,99.84,97.16,105.2,97.0,434.3,97.78,102.12,1971.8,85.139,109.72,4090052.0,943726.7,2743827.9,190498.8,101.02,1.316,4.1,43268.0,,,,
2020-02-29,50.52000045776367,1.26,1.26,173.3,2.5460000038146973,366.5,1.707,1.57,25409.359375,98.12999725341795,1331.77001953125,1564.0999755859375,11.0450439453125,1.29,1.26,1.27,610.72998046875,1987.010009765625,1.117,8567.3701171875,1.684000015258789,21142.9609375,2880.303955078125,16.386999130249023,883.5,2954.219970703125,1.333,1.113,1.104,1.18,1.1269999742507937,1.2300000190734863,1211.31005859375,40.11000061035156,44.7599983215332,1.25,65.0,72.0,76.0,64.0,1.42,99.8,99.77,100.07,96.66,97.7,93.0,6753.5,96.15,103.05,6591.1,85.454,94.8,4126742.8,960383.8,2776793.5,190732.0,100.69,1.214,4.1,39456.0,,,,
2020-03-31,22.739999771118164,0.8,0.8,171.48,2.240000009536743,340.75,2.077,2.2,21917.16015625,99.0500030517578,1342.5999755859375,1583.4000244140625,11.316766738891602,1.33,1.18,1.2,569.0700073242188,1754.6400146484375,0.899,7700.10009765625,1.6399999856948853,18917.009765625,2750.2958984375,14.097999572753906,886.0,2584.590087890625,1.551,0.989,1.07,1.296,0.6980000138282776,0.0299999993294477,1216.6600341796875,53.540000915527344,20.479999542236328,0.75,56.0,60.0,68.0,53.0,1.23,99.53,99.67,99.75,98.06,79.0,83.0,5906.9,108.98,101.41,6906.2,85.931,107.93,4148017.1,983321.1,2798640.8,195289.8,99.8,1.03,4.2,38304.0,13094.7,1611162.9,1521871.8,
2020-04-30,25.270000457763672,0.76,0.76,172.1,2.3540000915527344,311.5,2.218,2.01,24345.720703125,99.0199966430664,1328.550048828125,1684.199951171875,11.304919242858888,1.12,1.01,1.03,645.1799926757812,1947.56005859375,0.731,8889.5498046875,1.9490000009536743,20193.689453125,2860.08203125,14.89799976348877,850.25,2912.429931640625,1.518,0.872,1.006,1.246,0.621999979019165,0.0900000035762786,1212.9599609375,34.150001525878906,18.84000015258789,0.75,52.0,57.0,60.0,50.0,1.1,99.26,99.73,99.79,97.65,71.2,79.0,-4697.5,85.86,99.22,458.3,86.128,97.43,4193598.6,1003303.4,2854169.7,196659.1,98.93,0.893,4.2,36629.0,13094.7,1611162.9,1521871.8,
2020-05-31,35.33000183105469,0.49,0.49,172.55,2.426500082015991,325.75,2.158,1.62,25383.109375,98.33999633789062,1369.9599609375,1736.9000244140625,11.50063419342041,0.88,0.73,0.76,713.6799926757812,2029.5999755859373,0.597,9489.8701171875,1.8489999771118164,21877.890625,2852.35107421875,18.440000534057617,840.75,3044.31005859375,1.374,0.692,0.826,1.097,0.6480000019073486,0.1280000060796737,1237.97998046875,27.51000022888184,35.4900016784668,0.5,49.0,51.0,51.0,56.0,1.02,99.25,100.02,99.93,98.45,78.1,85.0,2078.1,81.1,99.7,2210.9,86.247,88.84,4234429.4,1030804.2,2898342.4,202517.9,98.96,0.779,4.5,33894.0,13094.7,1611162.9,1521871.8,
2020-06-30,41.150001525878906,0.57,0.57,170.13,2.713500022888184,338.5,2.25,1.51,25812.880859375,97.38999938964844,1345.989990234375,1793.0,11.096510887145996,0.89,0.69,0.71,737.969970703125,2108.330078125,0.624,10058.76953125,1.7510000467300415,22288.140625,2984.674072265625,18.541000366210938,884.25,3100.2900390625,1.373,0.716,0.842,1.111,0.652999997138977,0.135000005364418,1198.3900146484375,30.43000030517578,39.27000045776367,0.5,51.0,57.0,53.0,60.0,0.79,99.35,100.18,100.02,98.68,82.4,87.0,6967.5,91.64,100.28,5692.4,86.664,91.86,4251321.1,1051986.0,2919411.8,206905.3,99.47,0.719,4.3,29262.0,4348.1,1637351.8,1546139.6,
2020-07-31,43.29999923706055,0.51,0.51,170.28,2.858999967575073,316.0,2.177,1.47,26428.3203125,93.48999786376952,1410.3699951171875,1962.800048828125,11.355191230773926,0.78,0.58,0.65,815.2999877929688,2249.3701171875,0.57,10745.26953125,1.7990000247955322,21710.0,3310.007080078125,24.18899917602539,897.5,3271.1201171875,1.296,0.658,0.796,1.031,0.5360000133514404,0.0829999968409538,1189.56005859375,24.459999084472656,40.27000045776367,0.5,59.0,64.0,59.0,65.0,0.79,99.31,99.96,100.17,99.15,84.8,87.0,7304.6,99.41,100.36,7037.6,87.427,99.82,4272963.3,1071185.7,2939115.7,207841.4,99.69,0.689,4.0,28883.0,4348.1,1637351.8,1546139.6,
2020-08-31,45.27999877929688,0.55,0.55,173.23,3.04099988937378,348.5,2.264,1.36,28430.05078125,92.13999938964844,1416.9100341796875,1967.5999755859373,11.19723415374756,0.86,0.61,0.72,848.239990234375,2326.169921875,0.641,11775.4599609375,2.630000114440918,23139.759765625,3395.677978515625,28.437000274658203,951.25,3500.31005859375,1.516,0.722,0.94,1.21,0.6930000185966492,0.0949999988079071,1187.0400390625,26.40999984741211,42.61000061035156,0.5,66.0,67.0,65.0,66.0,0.68,99.35,100.13,100.36,101.8,88.8,89.0,6539.2,93.29,100.3,7212.7,88.107,91.39,4290367.3,1089794.6,2957901.9,211102.2,100.18,0.671,3.1,28831.0,4348.1,1637351.8,1546139.6,
2020-09-30,40.95000076293945,0.55,0.55,171.15,3.0285000801086426,379.0,2.193,1.11,27781.69921875,93.88999938964844,1363.989990234375,1887.5,11.03590202331543,0.92,0.68,0.84,848.1500244140625,2327.889892578125,0.614,11167.509765625,2.5269999504089355,23185.119140625,3218.052001953125,23.433000564575195,1023.5,3363.0,1.43,0.668,0.846,1.107,0.6769999861717224,0.0850000008940696,1163.780029296875,26.3700008392334,40.220001220703125,0.5,68.0,67.0,66.0,62.0,0.63,100.64,100.28,100.16,104.79,80.0,85.0,10847.1,112.33,100.26,12220.2,88.808,99.8,4318742.8,1110607.4,2982103.5,214152.3,100.38,0.705,3.6,28309.0,24690.9,1682332.2,1586199.5,
2020-10-31,37.459999084472656,0.52,0.52,169.43,3.0434999465942383,398.5,2.247,1.11,26501.599609375,94.04000091552734,1318.030029296875,1877.4000244140625,10.803110122680664,0.89,0.64,0.8,792.6500244140625,2267.14990234375,0.637,10911.58984375,3.3540000915527344,22977.130859375,3224.532958984375,23.617000579833984,1056.5,3269.9599609375,1.546,0.68,0.935,1.235,0.8600000143051147,0.0829999968409538,1129.52001953125,38.02000045776367,35.790000915527344,0.5,79.0,81.0,78.0,69.0,0.63,100.63,99.82,99.5,104.85,92.3,91.0,12439.9,105.56,97.88,10622.9,89.402,100.16,4351610.2,1134044.7,3013051.7,215092.9,99.98,0.68,3.7,26703.0,24690.9,1682332.2,1586199.5,
2020-11-30,47.59000015258789,0.6,0.6,168.06,3.4205000400543213,419.75,2.235,1.09,29638.640625,91.87000274658205,1320.8199462890625,1775.699951171875,10.59739112854004,0.93,0.69,0.85,886.1099853515625,2591.340087890625,0.655,12198.740234375,2.881999969482422,26433.619140625,3391.760009765625,22.53400039672852,1168.5,3621.6298828125,1.659,0.716,0.983,1.337,0.843999981880188,0.0750000029802322,1104.3299560546875,20.56999969482422,45.34000015258789,0.5,85.0,83.0,80.0,73.0,0.66,100.97,100.36,100.16,101.24,98.8,94.0,9664.9,109.25,97.42,10225.8,90.683,103.35,4374855.6,1149926.1,3039765.8,218209.0,100.06,0.7,3.4,23620.0,24690.9,1682332.2,1586199.5,
2020-12-31,51.79999923706055,0.61,0.61,167.02,3.513999938964844,484.0,2.208,1.09,30606.48046875,89.94000244140625,1337.0,1893.0999755859373,10.548276901245115,0.94,0.81,0.9,968.4199829101562,2873.469970703125,0.668,12888.2802734375,2.5390000343322754,27444.169921875,3473.069091796875,26.332000732421875,1315.25,3756.070068359375,1.713,0.741,0.976,1.335,0.9169999957084656,0.0649999976158142,1086.4200439453125,22.75,48.52000045776367,0.5,82.0,81.0,79.0,68.0,0.66,102.04,100.5,100.26,101.51,90.5,89.0,12264.9,118.65,97.99,10915.5,91.92,114.91,4396870.9,1168255.5,3052959.4,220416.4,100.84,0.719,4.1,19005.0,34369.7,1728526.6,1632632.7,9541.0
2021-01-31,55.880001068115234,0.52,0.52,172.82,3.573499917984009,547.0,2.092,1.01,29982.619140625,90.58000183105467,1347.989990234375,1847.300048828125,10.663925170898438,0.88,0.75,0.81,928.72998046875,2976.2099609375,0.512,13070.6904296875,2.563999891281128,27663.390625,3483.069091796875,26.89999961853028,1370.0,3714.239990234375,1.768,0.67,0.971,1.32,1.093000054359436,0.0480000004172325,1112.2900390625,33.09000015258789,52.20000076293945,0.5,85.0,88.0,87.0,70.0,0.68,104.07,100.77,100.56,103.39,95.0,93.0,5745.1,108.86,100.16,5794.2,93.014,114.99,4434676.5,1196070.9,3082103.7,223631.7,101.96,0.695,5.7,17130.0,34369.7,1728526.6,1632632.7,9541.0
2021-02-28,66.12999725341797,0.59,0.59,173.34,4.0945000648498535,555.5,2.054,1.0,30932.369140625,90.93000030517578,1359.6500244140625,1728.0999755859375,10.520008087158203,0.86,0.73,0.78,913.9400024414062,3012.949951171875,0.499,13192.349609375,2.7709999084472656,28966.009765625,3509.080078125,26.402000427246094,1405.25,3811.14990234375,1.96,0.673,1.02,1.449,1.4600000381469729,0.0350000001490116,1119.1300048828125,27.950000762939453,61.5,0.5,82.0,92.0,93.0,72.0,0.73,104.74,100.95,100.7,105.69,97.2,94.0,6698.6,105.87,103.68,6357.2,94.281,109.67,4478049.6,1212382.4,3112805.6,228003.8,102.8,0.671,4.9,15786.0,34369.7,1728526.6,1632632.7,9541.0
2021-03-31,63.540000915527344,0.59,0.59,172.17,4.002999782562256,564.25,2.06,1.0,32981.55078125,93.2300033569336,1321.4000244140625,1713.800048828125,10.177050590515137,0.89,0.76,0.81,956.1699829101562,3061.419921875,0.504,13246.8701171875,2.6080000400543213,29178.80078125,3441.909912109375,24.51700019836425,1436.75,3972.889892578125,2.057,0.69,1.133,1.601,1.746000051498413,0.0130000002682209,1127.199951171875,19.39999961853028,59.15999984741211,0.5,89.0,95.0,99.0,77.0,0.75,105.89,101.1,100.82,105.84,100.4,95.0,7255.4,125.1,107.43,8425.0,95.523,128.65,4516941.7,1230938.6,3139751.8,231954.5,103.89,0.684,4.3,15270.0,19699.1,1765627.6,1667684.6,9541.0
2021-04-30,67.25,0.49,0.49,171.98,4.479000091552734,740.0,1.914,0.97,33874.8515625,91.27999877929688,1341.510009765625,1767.300048828125,10.161754608154297,0.83,0.7,0.73,983.4500122070312,3147.860107421875,0.476,13962.6796875,2.930999994277954,28812.630859375,3446.860107421875,25.85300064086914,1571.0,4181.169921875,2.128,0.642,1.141,1.63,1.63100004196167,0.003000000026077,1106.6300048828125,18.61000061035156,63.58000183105469,0.5,96.0,108.0,111.0,82.0,0.74,108.16,101.33,101.01,105.35,102.3,96.0,-493.4,121.87,110.26,5630.9,96.536,130.93,4540740.3,1250505.5,3176515.7,231119.1,104.88,0.659,4.0,15798.0,19699.1,1765627.6,1667684.6,9541.0
2021-05-31,69.62999725341797,0.51,0.51,174.53,4.682499885559082,656.75,1.945,0.97,34529.44921875,90.02999877929688,1353.68994140625,1902.5,10.109959602355955,0.86,0.64,0.69,981.780029296875,3203.919921875,0.482,13748.740234375,2.986000061035156,28860.080078125,3615.47998046875,27.99300003051757,1530.5,4204.10986328125,2.179,0.633,1.227,1.739,1.5809999704360962,0.0080000003799796,1106.97998046875,16.760000228881836,66.31999969482422,0.5,96.0,108.0,112.0,81.0,0.68,110.11,101.57,101.12,105.16,105.5,97.0,11856.8,120.86,112.29,7248.6,97.462,123.88,4559877.3,1263853.8,3208328.8,234348.0,105.45,0.611,4.0,15660.0,19699.1,1765627.6,1667684.6,9541.0
2021-06-30,75.12999725341797,0.63,0.63,174.28,4.296500205993652,720.0,1.966,0.97,34502.51171875,92.44000244140624,1338.969970703125,1770.800048828125,10.164042472839355,1.18,0.77,0.86,1029.9599609375,3296.679931640625,0.609,14503.9501953125,3.650000095367432,28791.529296875,3591.199951171875,26.165000915527344,1450.0,4297.5,2.092,0.955,1.448,1.739,1.4429999589920044,0.0399999991059303,1129.5999755859375,15.829999923706056,73.47000122070312,0.5,98.0,109.0,115.0,81.0,0.66,111.33,101.67,101.14,104.56,110.9,99.0,9930.8,128.8,113.36,8330.0,98.739,128.88,4587718.5,1276801.4,3219485.9,240628.4,106.01,0.798,3.8,16289.0,21294.2,1809244.9,1708837.8,9541.0
2021-07-31,76.33000183105469,0.58,0.58,177.83,4.480500221252441,547.0,1.847,0.97,34935.46875,92.16999816894533,1357.8199462890625,1812.5999755859373,10.438970565795898,1.16,0.76,0.9,1031.1400146484375,3202.320068359375,0.613,14672.6796875,3.9140000343322754,27283.58984375,3397.360107421875,25.527999877929688,1414.75,4395.259765625,1.874,0.936,1.417,1.638,1.2389999628067017,0.0399999991059303,1142.1199951171875,18.239999771118164,73.94999694824219,0.5,97.0,107.0,116.0,79.0,0.69,112.51,101.73,101.45,104.75,103.4,96.0,7324.3,130.69,117.77,5882.3,99.891,137.89,4631059.7,1292895.1,3257056.3,240311.6,107.04,0.91,3.2,15198.0,21294.2,1809244.9,1708837.8,9541.0
2021-08-31,72.98999786376953,0.9,0.9,179.46,4.360000133514404,534.0,1.829,1.12,35360.73046875,92.62999725341795,1366.4599609375,1815.0,10.525254249572754,1.26,0.89,1.05,1038.3299560546875,3199.27001953125,0.76,15259.240234375,4.376999855041504,28089.5390625,3543.93994140625,23.959999084472656,1298.75,4522.68017578125,1.912,1.064,1.395,1.651,1.3040000200271606,0.0399999991059303,1158.4100341796875,16.479999542236328,68.5,0.75,95.0,105.0,114.0,81.0,0.77,114.13,102.01,101.7,106.2,102.7,96.0,6671.5,126.02,119.27,6335.0,101.386,132.72,4660369.1,1311850.9,3293240.3,243008.5,107.6,1.001,2.6,14864.0,21294.2,1809244.9,1708837.8,9541.0
2021-09-30,78.5199966430664,0.92,0.92,182.95,4.090000152587891,536.75,2.049,1.18,33843.921875,94.25,1370.47998046875,1755.300048828125,10.6300687789917,1.4,0.97,1.14,1003.27001953125,3068.820068359375,0.769,14448.580078125,5.867000102996826,29452.66015625,3568.169921875,22.020999908447266,1256.0,4307.5400390625,2.237,1.096,1.593,1.929,1.5290000438690186,0.0280000008642673,1183.719970703125,23.13999938964844,75.02999877929688,0.75,90.0,99.0,108.0,79.0,0.98,115.52,102.26,101.58,107.87,104.1,96.0,9308.2,133.18,120.73,9513.5,102.929,133.6,4700587.7,1330596.8,3314910.6,243535.3,108.0,1.073,2.7,13842.0,23304.0,1844021.5,1743423.9,9541.0
2021-10-31,84.37999725341797,0.76,0.76,182.95,4.375500202178955,568.25,2.573,1.24,35819.55859375,94.12000274658205,1366.239990234375,1783.0,10.274797439575195,1.65,1.11,1.35,992.3300170898438,2970.679931640625,0.891,15498.3896484375,5.426000118255615,28892.689453125,3547.340087890625,23.94499969482422,1235.75,4605.3798828125,2.575,1.41,2.103,2.405,1.5570000410079956,0.0480000004172325,1167.3699951171875,16.260000228881836,83.56999969482422,0.75,90.0,100.0,105.0,84.0,1.08,116.79,102.58,101.83,106.72,107.3,98.0,7357.7,132.29,123.42,5958.2,104.008,139.29,4731903.5,1344580.3,3350841.4,251851.3,109.12,1.178,2.8,14075.0,23304.0,1844021.5,1743423.9,9541.0
2021-11-30,70.56999969482422,1.067,1.067,186.3,4.277999877929688,567.0,2.373,1.49,34483.71875,95.98999786376952,1343.3199462890625,1773.5999755859375,10.463214874267578,1.76,1.34,1.55,965.6300048828124,2839.010009765625,1.015,15537.6904296875,4.566999912261963,27821.759765625,3563.889892578125,22.76499938964844,1217.25,4567.0,2.213,1.292,1.799,2.008,1.4429999589920044,0.0480000004172325,1190.739990234375,27.190000534057617,66.18000030517578,1.0,90.0,101.0,107.0,83.0,1.17,117.19,102.81,102.06,107.25,108.2,97.0,6534.6,138.64,122.27,5855.3,105.156,147.64,4779713.2,1359648.9,3394545.9,250785.9,109.9,1.339,2.6,14094.0,23304.0,1844021.5,1743423.9,9541.0
2021-12-31,77.77999877929688,1.437,1.437,186.63,4.454999923706055,593.25,2.415,1.56,36338.30078125,95.66999816894533,1346.1300048828125,1827.5,10.3381929397583,1.75,1.41,1.6,1033.97998046875,2977.64990234375,0.998,15644.9697265625,3.7300000190734863,28791.7109375,3639.780029296875,23.327999114990234,1328.75,4766.18017578125,2.25,1.35,1.798,2.011,1.5119999647140503,0.032999999821186,1189.8900146484375,17.219999313354492,75.20999908447266,1.0,95.0,101.0,108.0,82.0,1.27,117.37,103.25,102.51,107.85,104.2,96.0,5689.5,144.75,120.78,4328.9,105.682,158.09,4815758.8,1354246.2,3411438.0,253646.7,109.88,1.32,3.5,17710.0,19581.8,1861315.1,1755471.8,9701.0
2022-01-31,91.20999908447266,1.277,1.277,189.62,4.317999839782715,626.0,2.765,1.64,35131.859375,96.54000091552734,1346.719970703125,1795.0,10.47781753540039,1.9,1.51,1.65,872.8699951171875,2663.340087890625,1.253,14239.8798828125,4.874000072479248,27001.98046875,3361.43994140625,22.395000457763672,1490.5,4515.5498046875,2.586,1.463,2.189,2.396,1.781999945640564,0.1729999929666519,1207.7099609375,24.82999992370605,88.1500015258789,1.25,90.0,102.0,105.0,83.0,1.39,119.77,103.83,103.17,109.34,104.9,96.0,1646.4,133.66,122.23,1057.3,105.978,155.81,4859388.1,1366028.7,3449516.3,256933.6,111.04,1.422,4.1,21727.0,19581.8,1861315.1,1755471.8,9701.0
2022-02-28,100.98999786376952,1.39,1.39,190.52,4.444499969482422,697.5,2.855,1.64,33892.6015625,96.70999908447266,1348.75,1899.4000244140625,10.347432136535645,1.95,1.46,1.65,881.0700073242188,2699.179931640625,1.203,13751.400390625,4.401999950408936,26526.8203125,3462.31005859375,24.36100006103516,1644.25,4373.93994140625,2.675,1.503,2.242,2.468,1.83899998664856,0.2879999876022339,1197.5899658203125,30.14999961853028,95.72000122070312,1.25,91.0,98.0,104.0,81.0,1.5,120.14,104.27,103.59,109.63,103.4,96.0,5263.3,127.41,124.89,4519.7,106.198,138.78,4888347.0,1368343.5,3487090.3,256996.4,111.57,1.48,3.4,25254.0,19581.8,1861315.1,1755471.8,9701.0
2022-03-31,107.91000366210938,1.454,1.454,190.68,4.743000030517578,748.75,3.34,1.66,34678.3515625,98.30999755859376,1343.469970703125,1949.199951171875,9.974621772766112,2.15,1.55,1.76,944.530029296875,2757.64990234375,1.291,14220.51953125,5.642000198364258,27821.4296875,3252.199951171875,25.121000289916992,1618.25,4530.41015625,2.969,1.815,2.663,2.856,2.32699990272522,0.4930000007152557,1214.5,20.559999465942383,100.27999877929688,1.25,84.0,97.0,105.0,81.0,1.5,121.46,104.42,103.68,109.55,103.6,95.0,7131.1,152.14,132.6,6038.1,106.302,165.76,4912062.9,1373947.2,3490107.7,258769.5,113.27,1.586,3.0,27974.0,14040.8,1861205.5,1754550.6,9701.0
2022-04-30,109.33999633789062,1.53,1.53,189.6,4.394999980926514,818.25,3.68,1.89,32977.2109375,102.95999908447266,1334.8499755859375,1909.300048828125,9.72639274597168,2.31,1.66,1.86,904.75,2695.050048828125,1.477,12334.6396484375,7.24399995803833,26847.900390625,3047.06005859375,23.040000915527344,1708.25,4131.93017578125,3.242,1.97,2.958,3.172,2.88700008392334,0.8080000281333923,1272.2900390625,33.400001525878906,104.69000244140624,1.5,87.0,102.0,105.0,85.0,1.64,123.27,104.97,104.05,110.29,104.3,94.0,-539.6,139.04,134.57,3549.3,106.526,155.99,4920690.4,1374757.8,3501103.0,263435.6,115.1,2.002,3.0,27180.0,14040.8,1861205.5,1754550.6,9701.0
2022-05-31,122.83999633789062,1.863,1.863,185.7,4.295000076293945,753.5,3.807,2.15,32990.12109375,101.75,1332.3699951171875,1842.699951171875,9.6454439163208,2.58,1.94,2.13,893.3599853515625,2685.89990234375,1.761,12081.3896484375,8.145000457763672,27279.80078125,3186.429931640625,21.650999069213867,1683.25,4132.14990234375,3.326,2.163,3.027,3.256,2.844000101089477,1.0299999713897705,1241.739990234375,26.190000534057617,114.66999816894533,1.75,86.0,101.0,106.0,86.0,1.77,124.6,105.66,104.57,111.35,103.1,93.0,4202.3,145.18,138.64,3340.2,106.793,163.51,4953427.6,1378700.3,3531043.0,263479.0,115.92,2.049,3.0,27375.0,14040.8,1861205.5,1754550.6,9701.0
2022-06-30,114.80999755859376,2.337,2.337,193.85,3.714499950408936,743.75,4.361,2.34,30775.4296875,104.69000244140624,1348.0400390625,1804.0999755859373,9.483098983764648,3.4,2.27,2.65,745.4400024414062,2332.639892578125,1.871,11028.740234375,5.423999786376953,26393.0390625,3398.6201171875,20.28199958801269,1675.0,3785.3798828125,3.636,2.981,3.55,3.653,2.9719998836517334,1.600000023841858,1287.7099609375,28.709999084472656,105.76000213623048,1.75,83.0,95.0,98.0,82.0,1.99,124.92,106.15,105.09,111.32,96.6,88.0,5972.9,137.94,140.0,4166.5,106.899,155.23,4987007.7,1381523.1,3551521.2,264156.2,116.57,2.599,3.0,27910.0,9635.6,1866565.0,1755235.2,9701.0
2022-07-31,110.01000213623048,2.341,2.341,192.52,3.5840001106262207,616.25,3.969,2.86,32845.12890625,105.9000015258789,1319.699951171875,1762.9000244140625,9.639875411987305,3.58,2.65,3.06,803.6199951171875,2451.5,2.296,12390.6904296875,8.229000091552734,27801.640625,3253.239990234375,20.1560001373291,1637.0,4130.2900390625,3.127,2.902,3.009,3.067,2.6419999599456787,2.2980000972747803,1295.1500244140625,21.32999992370605,98.62000274658205,2.25,80.0,95.0,97.0,80.0,2.41,125.01,106.35,105.52,112.99,85.7,79.0,1619.8,140.66,136.54,-100.0,106.899,168.97,5016610.5,1365056.2,3568802.1,273059.3,116.9,2.958,2.9,31284.0,9635.6,1866565.0,1755235.2,9701.0
2022-08-31,96.48999786376952,2.548,2.548,193.72,3.5185000896453857,673.75,4.658,3.09,31510.4296875,108.6999969482422,1346.8499755859375,1712.800048828125,9.635128021240234,3.71,2.87,3.31,807.0399780273438,2472.050048828125,2.652,11816.2001953125,9.126999855041504,28091.529296875,3202.139892578125,17.761999130249023,1507.5,3955.0,3.721,3.268,3.685,3.781,3.132999897003174,2.859999895095825,1342.260009765625,25.8700008392334,89.55000305175781,2.5,80.0,96.0,99.0,82.0,2.79,124.34,106.62,105.84,114.56,88.5,83.0,-4363.0,135.14,134.73,-3733.5,106.749,170.77,5059011.7,1344927.4,3600817.0,266565.0,116.45,2.987,2.1,32722.0,9635.6,1866565.0,1755235.2,9701.0
2022-09-30,87.95999908447266,2.804,2.804,201.83,3.441999912261963,677.5,5.28,3.3,28725.509765625,112.12000274658205,1404.0799560546875,1662.4000244140625,9.902406692504885,4.43,3.18,3.77,672.6500244140625,2155.489990234375,2.813,10575.6201171875,6.765999794006348,25937.2109375,3024.389892578125,18.959999084472656,1364.75,3585.6201171875,4.096,3.382,4.186,4.175,3.803999900817871,3.180000066757202,1430.1700439453125,31.6200008392334,79.48999786376953,2.5,74.0,92.0,97.0,81.0,3.01,125.52,106.86,105.7,116.06,91.3,86.0,1810.1,136.49,138.52,1183.0,106.58,157.88,5076881.5,1324833.2,3609736.9,265461.4,116.53,3.287,2.4,41604.0,-933.1,1869113.3,1754768.7,9701.0
2022-10-31,94.83000183105467,3.19,3.19,195.25,3.4135000705718994,691.5,5.58,4.68,32732.94921875,111.52999877929688,1415.219970703125,1635.9000244140625,9.61769962310791,4.88,3.89,4.41,695.3300170898438,2293.610107421875,3.259,10988.150390625,6.355000019073486,27587.4609375,2893.47998046875,19.125,1407.0,3871.97998046875,4.242,3.783,4.185,4.263,4.077000141143799,3.974999904632568,1421.6500244140625,25.8799991607666,86.52999877929688,3.0,72.0,89.0,92.0,79.0,3.69,125.6,107.45,106.1,114.72,88.6,84.0,472.9,123.64,140.12,-596.6,105.993,153.04,5084467.8,1297914.5,3632494.2,271637.2,117.13,3.602,2.4,47217.0,-933.1,1869113.3,1754768.7,9701.0
2022-11-30,85.43000030517578,3.366,3.366,184.32,3.7295000553131104,662.0,5.445,5.61,34589.76953125,105.9499969482422,1367.4599609375,1746.0,9.55194091796875,4.88,4.08,4.64,729.5399780273438,2472.530029296875,3.395,11468.0,6.929999828338623,27968.990234375,3151.340087890625,21.549999237060547,1469.5,4080.110107421875,3.667,3.725,3.689,3.697,3.703000068664551,4.252999782562256,1325.3699951171875,20.57999992370605,80.55000305175781,3.25,74.0,86.0,94.0,76.0,3.99,125.7,107.72,106.35,112.46,86.2,82.0,-1842.5,122.79,132.49,-781.0,104.822,152.49,5125168.4,1266732.4,3680544.2,261919.3,116.75,3.838,2.3,58027.0,-933.1,1869113.3,1754768.7,9701.0
2022-12-31,85.91000366210938,3.38,3.38,181.58,3.805500030517578,678.5,5.231,5.28,33147.25,103.5199966430664,1343.4300537109375,1819.699951171875,9.479631423950195,4.34,4.04,4.32,679.2899780273438,2236.39990234375,3.547,10466.48046875,4.474999904632568,26094.5,3089.260009765625,23.86199951171875,1519.25,3839.5,3.73,3.773,3.722,3.743,3.878999948501587,4.260000228881836,1260.260009765625,21.670000076293945,80.26000213623047,3.25,71.0,83.0,89.0,76.0,4.02,125.33,108.08,106.65,113.53,89.7,85.0,1864.7,127.09,124.37,-308.3,103.746,154.27,5137763.8,1229925.3,3682296.1,262847.6,116.27,3.705,3.0,68148.0,495.1,1865404.9,1747665.0,9010.0
2023-01-31,84.48999786376953,3.343,3.343,182.38,4.228499889373779,679.75,4.344,4.57,34086.0390625,102.0999984741211,1336.1600341796875,1929.5,9.437504768371582,3.65,3.54,3.62,740.489990234375,2425.080078125,3.463,11584.5498046875,2.684000015258789,27327.109375,3255.669921875,23.74799919128418,1538.0,4076.60009765625,3.297,3.489,3.325,3.299,3.5290000438690186,4.570000171661377,1231.5,19.39999961853028,78.87000274658203,3.5,66.0,76.0,80.0,71.0,3.8,127.1,108.84,107.29,115.37,90.4,85.0,-9056.0,109.39,120.65,-6922.9,102.388,152.78,5121319.5,1208548.1,3689950.1,259321.7,116.69,3.584,3.6,75359.0,495.1,1865404.9,1747665.0,9010.0
2023-02-28,83.88999938964844,3.46,3.46,190.08,4.097499847412109,629.5,4.484,4.06,32656.69921875,104.87000274658205,1397.050048828125,1828.9000244140625,9.666666984558104,3.84,3.64,3.75,791.5999755859375,2412.85009765625,3.573,11455.5400390625,2.746999979019165,27445.560546875,3279.610107421875,20.961000442504883,1490.5,3970.14990234375,3.753,3.701,3.797,3.829,3.9159998893737793,4.710000038146973,1318.3499755859375,20.700000762939453,77.05000305175781,3.5,63.0,74.0,76.0,73.0,3.52,127.16,109.14,107.6,115.91,89.8,83.0,-1859.9,118.24,121.58,-820.4,101.578,142.82,5110834.9,1194842.9,3695098.8,259425.2,116.91,3.528,3.1,75438.0,495.1,1865404.9,1747665.0,9010.0
2023-03-31,79.7699966430664,3.569,3.569,189.44,4.104499816894531,660.5,4.074,4.01,33274.1484375,102.51000213623048,1412.739990234375,1969.0,9.731876373291016,3.6,3.5,3.57,847.52001953125,2476.860107421875,3.287,12221.91015625,2.2160000801086426,28041.48046875,3272.860107421875,24.076000213623047,1505.5,4109.31005859375,3.34,3.274,3.27,3.274,3.49399995803833,4.585000038146973,1296.5,18.700000762939453,75.66999816894531,3.5,70.0,76.0,80.0,74.0,3.61,127.34,109.33,107.81,116.46,91.7,87.0,-1213.5,131.25,124.12,-326.8,100.737,154.62,5118781.6,1190392.5,3681932.9,256882.5,117.05,3.452,2.9,72104.0,-12129.4,1850744.4,1736257.1,9010.0
2023-04-30,79.54000091552734,3.549,3.549,193.28,3.869999885559082,636.0,4.105,4.01,34098.16015625,101.66999816894533,1474.75,1990.0999755859373,10.010051727294922,3.58,3.49,3.52,842.8300170898438,2501.530029296875,3.253,12226.580078125,2.4100000858306885,28856.439453125,3323.27001953125,24.999000549316406,1444.25,4169.47998046875,3.36,3.281,3.293,3.292,3.45199990272522,4.922999858856201,1339.3900146484375,15.779999732971191,76.77999877929688,3.5,70.0,76.0,83.0,74.0,3.5,127.45,109.7,108.12,115.9,94.9,90.0,-2891.1,116.47,124.41,1131.9,99.954,134.1,5121564.7,1189875.6,3668575.3,257606.5,116.96,3.254,2.8,71365.0,-12129.4,1850744.4,1736257.1,9010.0
2023-05-31,72.66000366210938,3.543,3.543,186.3,3.63100004196167,594.0,4.262,4.01,32908.26953125,104.31999969482422,1409.5799560546875,1963.9000244140625,9.499489784240724,3.88,3.81,3.84,856.9400024414062,2577.1201171875,3.527,12935.2900390625,2.2660000324249268,30887.880859375,3204.56005859375,23.474000930786133,1299.75,4179.830078125,3.532,3.54,3.459,3.45,3.63700008392334,5.248000144958496,1321.739990234375,17.940000534057617,68.08999633789062,3.5,73.0,79.0,83.0,78.0,3.64,127.39,110.17,108.51,115.99,97.9,92.0,2023.6,123.81,122.48,2509.5,99.372,139.43,5120044.2,1186407.9,3660134.7,262095.7,116.53,3.416,2.7,68865.0,-12129.4,1850744.4,1736257.1,9010.0
2023-06-30,74.9000015258789,3.767,3.767,181.3,3.740999937057495,554.5,4.473,4.02,34407.6015625,102.91000366210938,1434.3199462890625,1921.0999755859373,9.13791847229004,3.88,3.78,3.81,868.239990234375,2564.280029296875,3.548,13787.919921875,2.7980000972747803,33189.0390625,3202.06005859375,22.809999465942383,1557.25,4450.3798828125,3.675,3.563,3.662,3.663,3.819000005722046,5.152999877929688,1323.0699462890625,13.59000015258789,70.63999938964844,3.5,73.0,79.0,79.0,77.0,3.75,127.42,110.4,108.61,116.3,100.7,93.0,3923.7,125.27,118.5,4769.1,99.128,136.5,5147542.7,1185096.4,3677190.3,260377.1,116.27,3.511,2.7,66388.0,3056.2,1858832.8,1744885.8,9010.0
2023-07-31,85.55999755859375,3.488,3.488,178.34,3.994499921798706,504.0,4.467,4.03,35559.53125,101.86000061035156,1404.3599853515625,1970.5,8.978894233703613,3.84,3.71,3.77,935.969970703125,2632.580078125,3.582,14346.01953125,2.634000062942505,33172.21875,3291.0400390625,24.85400009155273,1445.75,4588.9599609375,3.761,3.523,3.681,3.697,3.9590001106262207,5.248000144958496,1277.9300537109375,13.630000114440918,81.80000305175781,3.5,72.0,76.0,79.0,76.0,3.75,127.33,110.36,108.91,117.3,103.4,94.0,3715.3,118.78,118.5,5477.5,98.942,125.63,5173665.3,1193845.2,3706867.0,265201.7,116.53,3.57,2.7,63087.0,3056.2,1858832.8,1744885.8,9010.0
2023-08-31,86.86000061035156,3.62,3.62,181.17,3.7725000381469727,461.0,4.473,4.03,34721.91015625,103.62000274658205,1441.260009765625,1938.199951171875,9.105712890625,3.9,3.69,3.82,928.4000244140624,2556.27001953125,3.559,14034.9697265625,2.7679998874664307,32619.33984375,3119.8798828125,24.472000122070312,1360.0,4507.66015625,3.821,3.5,3.711,3.75,4.0929999351501465,5.297999858856201,1324.6400146484375,13.56999969482422,83.62999725341797,3.5,67.0,74.0,76.0,75.0,3.7,127.39,110.6,109.16,120.53,103.2,95.0,6232.9,122.63,123.35,6286.6,98.886,130.89,5181038.6,1191009.2,3705542.3,263391.8,117.5,3.496,2.0,61811.0,3056.2,1858832.8,1744885.8,9010.0
2023-09-30,95.30999755859376,3.829,3.829,184.64,3.7260000705718994,476.75,4.658,4.08,33507.5,106.16999816894533,1428.47998046875,1848.0999755859373,9.021788597106934,4.06,3.85,3.99,841.02001953125,2465.070068359375,3.629,13219.3203125,2.928999900817871,31857.619140625,3110.47509765625,22.23600006103516,1275.0,4288.0498046875,4.03,3.661,3.884,3.942,4.572999954223633,5.300000190734863,1347.8499755859375,17.520000457763672,90.79000091552734,3.5,68.0,76.0,75.0,77.0,3.76,129.34,110.83,109.02,122.46,99.7,92.0,7548.7,129.76,125.53,8767.9,98.947,131.46,5202445.0,1189244.8,3711125.5,262519.1,118.03,3.61,2.3,59806.0,17496.9,1875807.6,1759092.8,9010.0
2023-10-31,87.41000366210938,3.5,3.5,184.19,3.641499996185303,478.75,4.908,4.36,33052.87109375,106.66000366210938,1430.47998046875,1985.199951171875,9.040654182434082,4.17,3.95,4.08,736.0999755859375,2277.989990234375,3.634,12851.240234375,3.575000047683716,30858.849609375,3018.77099609375,22.840999603271484,1287.0,4193.7998046875,4.325,3.74,4.085,4.203,4.875,5.320000171661377,1348.0699462890625,18.13999938964844,81.0199966430664,3.5,69.0,77.0,77.0,71.0,3.82,129.13,111.28,109.4,122.85,98.0,90.0,8417.3,126.28,126.37,6387.6,99.009,136.93,5217303.8,1201591.3,3725384.7,262502.7,117.86,3.741,2.1,58299.0,17496.9,1875807.6,1759092.8,9010.0
2023-11-30,82.83000183105469,3.67,3.67,180.92,3.828999996185303,461.75,4.319,4.36,35950.890625,103.5,1416.0400390625,2038.0999755859373,8.763460159301758,4.0,3.99,4.03,831.6799926757812,2535.2900390625,3.586,14226.2197265625,2.802000045776367,33486.890625,3029.673095703125,25.292999267578125,1342.75,4567.7998046875,3.699,3.653,3.583,3.621,4.352000236511231,5.23799991607666,1288.3599853515625,12.920000076293944,75.95999908447266,3.5,70.0,76.0,76.0,69.0,3.83,128.94,111.21,109.4,119.8,97.1,90.0,6721.2,131.52,122.08,7968.7,99.009,133.42,5259209.5,1200943.6,3753198.7,258879.8,117.41,3.722,2.3,57925.0,17496.9,1875807.6,1759092.8,9010.0
2023-12-31,77.04000091552734,3.906,3.906,181.17,3.880500078201294,471.25,3.898,4.32,37689.5390625,101.33000183105467,1425.449951171875,2062.39990234375,9.0348539352417,3.74,3.88,3.86,866.5700073242188,2655.280029296875,3.475,15011.349609375,2.513999938964844,33464.171875,2974.93505859375,23.85300064086914,1293.5,4769.830078125,3.183,3.434,3.154,3.156,3.865999937057495,5.179999828338623,1277.8399658203125,12.449999809265137,71.6500015258789,3.5,70.0,74.0,76.0,70.0,3.83,128.78,111.4,109.6,120.56,99.5,92.0,8968.0,131.17,120.84,9401.8,98.929,136.1,5329483.2,1208857.4,3746265.4,262620.4,117.56,3.516,3.3,62489.0,24106.5,1882633.9,1764435.4,1838.0
2024-01-31,81.70999908447266,3.613,3.613,185.57,3.902499914169312,448.25,4.002,4.28,38150.30078125,103.2699966430664,1439.75,2048.39990234375,9.000929832458496,3.61,3.66,3.65,799.239990234375,2497.090087890625,3.399,15164.009765625,2.0999999046325684,36286.7109375,2788.548095703125,23.051000595092773,1222.25,4845.64990234375,3.345,3.336,3.261,3.294,3.9670000076293945,5.188000202178955,1326.6199951171875,14.350000381469728,75.8499984741211,3.5,71.0,78.0,80.0,67.0,3.74,129.77,111.72,110.01,122.2,101.5,94.0,3511.9,126.58,124.59,4950.4,98.814,140.93,5337303.2,1212804.0,3737150.0,264486.8,118.19,3.384,3.7,63755.0,24106.5,1882633.9,1764435.4,1838.0
2024-02-29,83.62000274658203,3.463,3.463,184.76,3.8345000743865967,415.75,4.037,4.28,38996.390625,104.16000366210938,1446.1300048828125,2045.699951171875,8.851492881774902,3.71,3.72,3.72,862.9600219726562,2642.360107421875,3.464,16091.919921875,1.8600000143051147,39166.19140625,3015.1708984375,22.666000366210938,1128.25,5096.27001953125,3.475,3.496,3.385,3.432,4.251999855041504,5.2230000495910645,1333.3800048828125,13.399999618530272,78.26000213623047,3.5,70.0,78.0,85.0,67.0,3.69,130.05,111.97,110.34,123.96,101.7,94.0,6802.1,122.48,126.54,7606.5,98.737,123.87,5379595.3,1212480.2,3762421.4,265059.1,118.55,3.434,3.2,64874.0,24106.5,1882633.9,1764435.4,1838.0
2024-03-31,87.4800033569336,3.574,3.574,185.68,4.003499984741211,442.0,3.926,4.24,39807.37109375,104.5500030517578,1454.52001953125,2217.39990234375,8.912630081176758,3.59,3.64,3.64,905.5,2746.6298828125,3.468,16379.4599609375,1.7630000114440918,40369.44140625,3041.1669921875,24.79700088500977,1191.5,5254.35009765625,3.413,3.384,3.322,3.354,4.205999851226807,5.203000068664551,1349.800048828125,13.010000228881836,83.16999816894531,3.5,71.0,76.0,83.0,68.0,3.65,130.05,112.0,110.42,124.22,100.5,93.0,7826.8,132.73,126.94,9802.1,98.632,133.74,5423977.2,1230916.9,3804502.7,268903.9,118.82,3.374,3.0,64964.0,18140.8,1879403.3,1763467.7,1838.0
2024-04-30,87.86000061035156,3.655,3.655,190.47,4.564499855041504,439.5,3.995,4.22,37815.921875,106.22000122070312,1477.3800048828125,2291.39990234375,8.784050941467285,3.68,3.58,3.62,868.9299926757812,2692.06005859375,3.457,15657.8203125,1.991000056266785,38405.66015625,3104.824951171875,26.391000747680664,1145.5,5035.68994140625,3.656,3.47,3.529,3.586,4.685999870300293,5.244999885559082,1385.4599609375,15.649999618530272,81.93000030517578,3.5,73.0,79.0,86.0,69.0,3.57,130.08,112.18,110.66,122.75,100.6,94.0,773.8,131.47,132.55,5973.1,98.6,140.94,5453997.0,1229331.0,3808016.6,267172.7,119.16,3.44,3.0,71997.0,18140.8,1879403.3,1763467.7,1838.0
2024-05-31,81.62000274658203,3.58,3.58,190.76,4.610000133514404,446.25,3.871,4.22,38686.3203125,104.66999816894533,1489.31005859375,2322.89990234375,8.764226913452148,3.64,3.6,3.61,839.97998046875,2636.52001953125,3.448,16735.01953125,2.586999893188477,38487.8984375,3086.81298828125,30.29700088500977,1205.0,5277.509765625,3.578,3.41,3.452,3.502,4.513999938964844,5.244999885559082,1375.6199951171875,12.920000076293944,76.98999786376953,3.5,74.0,81.0,88.0,72.0,3.6,130.2,112.42,110.91,121.9,98.2,92.0,9277.4,136.08,131.78,9849.7,98.519,137.0,5457969.9,1224199.7,3809604.3,269683.2,119.25,3.434,3.0,72129.0,18140.8,1879403.3,1763467.7,1838.0
2024-06-30,86.41000366210938,3.591,3.591,188.7,4.390500068664551,397.25,3.658,4.17,39118.859375,105.87000274658205,1484.1700439453125,2327.699951171875,8.631349563598633,3.51,3.59,3.58,840.4400024414062,2797.820068359375,3.443,17732.599609375,2.6010000705718994,39583.078125,2967.403076171875,29.23699951171875,1150.5,5460.47998046875,3.266,3.328,3.182,3.204,4.3429999351501465,5.2129998207092285,1386.949951171875,12.4399995803833,81.54000091552734,3.5,78.0,82.0,88.0,71.0,3.6,130.11,112.56,110.95,120.68,100.7,94.0,13431.5,135.16,132.88,13043.1,98.449,126.04,5493904.5,1222896.4,3810925.3,269724.2,119.23,3.341,2.9,74037.0,23482.7,1892719.1,1776679.5,1838.0
2024-07-31,80.72000122070312,3.53,3.53,190.17,4.159999847412109,382.75,3.459,3.92,40842.7890625,104.0999984741211,1481.1099853515625,2426.5,9.134660720825195,3.31,3.45,3.43,803.1500244140625,2770.68994140625,3.345,17599.400390625,2.0360000133514404,39101.8203125,2938.7490234375,28.777999877929688,1028.5,5522.2998046875,3.064,3.152,3.004,3.023,4.109000205993652,5.135000228881836,1367.9200439453125,16.360000610351562,77.91000366210938,3.5,73.0,80.0,88.0,71.0,3.54,129.96,112.67,111.27,121.54,103.6,95.0,9022.6,136.35,133.88,9275.5,98.473,135.82,5532011.8,1221711.2,3823612.1,274491.0,119.56,3.209,2.5,71822.0,23482.7,1892719.1,1776679.5,1838.0
2024-08-31,78.80000305175781,3.543,3.543,188.41,4.144999980926514,378.0,3.503,3.62,41563.078125,101.6999969482422,1476.06005859375,2493.800048828125,9.198555946350098,3.38,3.49,3.46,767.6599731445312,2674.31005859375,3.257,17713.619140625,2.127000093460083,38647.75,2842.214111328125,28.731000900268555,982.0,5648.39990234375,3.088,3.06,2.953,3.01,3.91100001335144,4.9679999351501465,1332.8800048828125,15.0,73.55000305175781,3.5,71.0,78.0,88.0,70.0,3.5,129.72,112.75,111.4,122.99,100.6,94.0,5899.8,132.3,130.08,7732.3,98.585,137.86,5561111.2,1223847.9,3834045.4,273768.1,119.38,3.073,1.9,67550.0,23482.7,1892719.1,1776679.5,1838.0
2024-09-30,71.7699966430664,3.602,3.602,186.7,4.495999813079834,424.75,3.397,3.62,42330.1484375,100.77999877929688,1465.0799560546875,2636.10009765625,9.1535062789917,3.24,3.48,3.41,763.8800048828125,2593.27001953125,3.157,18189.169921875,2.9230000972747803,37919.55078125,3336.4970703125,31.16399955749512,1057.0,5762.47998046875,2.992,2.826,2.811,2.887,3.802000045776367,4.498000144958496,1315.3299560546875,16.729999542236328,68.16999816894531,3.5,69.0,76.0,85.0,70.0,3.52,130.39,112.87,111.18,124.72,99.8,94.0,11368.5,135.66,126.77,11831.9,98.743,134.15,5592612.6,1229973.1,3850110.0,273321.7,119.16,2.939,2.1,66776.0,26290.9,1911441.0,1793606.3,1838.0
2024-10-31,73.16000366210938,3.285,3.285,193.58,4.313499927520752,410.75,3.503,3.54,41763.4609375,103.9800033569336,1494.47998046875,2738.300048828125,8.993828773498535,3.23,3.4,3.37,743.0599975585938,2556.14990234375,3.055,18095.150390625,2.7070000171661377,39081.25,3279.823974609375,32.65299987792969,982.5,5705.4501953125,3.1,2.875,2.936,2.998,4.283999919891357,4.432000160217285,1378.5699462890625,23.15999984741211,69.26000213623047,3.25,69.0,74.0,84.0,70.0,3.43,130.29,113.16,111.39,124.53,101.6,96.0,9861.5,133.9,128.54,8920.1,98.831,140.02,5626630.2,1235134.3,3856830.2,276290.6,119.01,2.857,2.3,65836.0,26290.9,1911441.0,1793606.3,1838.0
2024-11-30,72.94000244140625,3.065,3.065,192.7,4.08050012588501,423.0,3.194,3.39,44910.6484375,105.73999786376952,1462.3599853515625,2657.0,9.215861320495604,3.11,3.3,3.31,678.1900024414062,2455.909912109375,2.979,19218.169921875,3.36299991607666,38208.03125,3326.4560546875,30.684999465942383,989.5,6032.3798828125,2.751,2.779,2.607,2.65,4.177999973297119,4.373000144958496,1393.300048828125,13.510000228881836,68.0,3.0,68.0,74.0,86.0,69.0,3.42,130.22,113.19,111.44,121.32,100.6,94.0,9456.6,131.0,130.57,10488.4,98.859,129.76,5652329.7,1245142.6,3877653.5,274588.3,119.1,2.861,2.2,65146.0,26290.9,1911441.0,1793606.3,1838.0
2024-12-31,74.63999938964844,3.327,3.327,201.35,3.986000061035156,458.5,3.284,3.58,42544.21875,108.48999786376952,1527.8599853515625,2629.199951171875,9.3573579788208,3.05,3.36,3.33,678.1900024414062,2399.489990234375,2.962,19310.7890625,3.632999897003174,39894.5390625,3351.762939453125,28.940000534057617,998.25,5881.6298828125,2.855,2.688,2.596,2.762,4.572999954223633,4.208000183105469,1467.3900146484375,17.350000381469727,71.72000122070312,3.0,62.0,71.0,87.0,65.0,3.35,130.12,113.46,111.59,123.61,87.9,86.0,12741.0,141.3,133.56,11436.9,98.773,138.58,5692985.5,1258595.8,3899883.8,278094.1,119.52,2.709,3.8,70173.0,32059.1,1922366.0,1802398.3,11282.0
2025-01-31,76.76000213623047,3.074,3.074,198.91,4.26200008392334,482.0,3.204,3.25,44544.66015625,108.37000274658205,1498.18994140625,2812.5,9.34564971923828,2.87,3.04,3.01,728.2899780273438,2517.3701171875,2.873,19627.439453125,3.0439999103546143,39572.48828125,3250.60107421875,32.12799835205078,1042.0,6040.52978515625,2.859,2.631,2.573,2.701,4.568999767303467,4.188000202178955,1441.6600341796875,16.43000030517578,72.52999877929688,3.0,63.0,69.0,84.0,64.0,3.04,131.03,113.98,112.14,125.13,91.0,89.0,2678.0,112.86,135.31,3349.7,98.652,131.11,5725387.6,1272174.3,3923813.7,280703.9,120.27,2.637,3.7,72624.0,32059.1,1922366.0,1802398.3,
2025-02-28,73.18000030517578,2.799,2.799,200.57,4.514500141143799,453.5,3.157,3.05,43840.91015625,107.61000061035156,1506.93994140625,2836.800048828125,9.664251327514648,2.84,2.89,2.88,743.9600219726562,2532.780029296875,2.758,18847.279296875,3.8340001106262207,37155.5,3320.89697265625,31.2189998626709,1011.5,5954.5,2.706,2.62,2.566,2.646,4.230999946594238,4.192999839782715,1449.8599853515625,19.6299991607666,69.76000213623047,2.75,65.0,74.0,87.0,61.0,2.95,131.02,114.12,112.29,126.45,95.0,93.0,7225.2,123.31,134.56,8984.4,98.555,123.71,5774129.4,1269135.2,3930032.5,283457.1,120.33,2.654,3.2,70061.0,32059.1,1922366.0,1802398.3,
2025-03-31,74.73999786376953,2.776,2.776,202.78,5.019999980926514,457.25,3.14,3.0,42001.76171875,104.20999908447266,1591.969970703125,3122.800048828125,9.812463760375977,2.83,2.85,2.84,672.8499755859375,2481.1201171875,2.646,17299.2890625,4.11899995803833,35617.55859375,3335.74609375,34.457000732421875,1014.75,5611.85009765625,2.771,2.607,2.569,2.645,4.245999813079834,4.192999839782715,1471.9599609375,22.280000686645508,71.4800033569336,2.75,68.0,76.0,87.0,63.0,2.84,131.11,114.37,112.52,127.26,93.2,92.0,9583.2,133.44,135.11,9687.8,98.522,136.2,5770462.1,1267426.0,3914425.3,284886.7,120.36,2.612,3.1,68920.0,19486.4,1924990.1,1806203.3,
2025-04-30,63.119998931884766,2.783,2.783,195.62,4.559999942779541,467.25,2.868,2.93,40669.359375,99.47000122070312,1611.8499755859375,3305.0,9.954448699951172,2.6,2.7,2.66,717.239990234375,2556.610107421875,2.493,17446.33984375,3.325999975204468,36045.37890625,3279.031005859375,32.53099822998047,1034.75,5569.06005859375,2.563,2.374,2.267,2.375,4.177000045776367,4.190000057220459,1423.75,24.700000762939453,58.209999084472656,2.75,68.0,77.0,85.0,64.0,2.74,131.06,114.86,112.93,126.48,93.6,92.0,4510.6,135.18,133.05,9776.5,98.554,136.12,5800200.2,1267021.5,3930117.2,282625.8,120.14,2.482,2.9,67793.0,19486.4,1924990.1,1806203.3,
2025-05-31,63.900001525878906,2.582,2.582,191.93,4.652500152587891,444.0,2.917,2.79,42270.0703125,99.33000183105467,1558.219970703125,3288.89990234375,9.529376029968262,2.53,2.61,2.57,734.3499755859375,2697.669921875,2.509,19113.76953125,3.447000026702881,37965.1015625,3347.487060546875,32.891998291015625,1041.75,5911.68994140625,2.786,2.276,2.347,2.521,4.415999889373779,4.23199987411499,1370.4100341796875,18.56999969482422,60.790000915527344,2.5,73.0,79.0,85.0,66.0,2.67,131.03,115.06,113.1,124.78,101.7,97.0,9906.7,133.41,128.39,11724.6,98.6,128.4,5838697.7,1270878.7,3955677.1,285260.9,119.64,2.306,2.8,66678.0,19486.4,1924990.1,1806203.3,
2025-06-30,67.61000061035156,2.566,2.566,188.4,5.03000020980835,420.5,2.963,2.73,44094.76953125,96.87999725341795,1591.8199462890625,3294.39990234375,9.37728214263916,2.56,2.55,2.54,781.5,3071.699951171875,2.442,20369.73046875,3.4560000896453857,40487.390625,3444.426025390625,35.85200119018555,1024.25,6204.9501953125,2.805,2.302,2.452,2.591,4.230000019073486,4.190000057220459,1348.5,16.729999542236328,65.11000061035156,2.5,70.0,77.0,83.0,67.0,2.57,131.04,115.25,113.17,124.74,108.6,101.0,13968.5,139.04,126.88,14397.1,98.734,130.02,5868624.7,1274359.4,3975355.6,288825.2,119.77,2.29,2.8,63734.0,28385.8,1949977.5,1829684.1,
2025-07-31,72.52999877929688,2.514,2.514,192.54,4.33050012588501,394.0,2.952,2.73,44130.98046875,100.02999877929688,1587.9200439453125,3293.199951171875,9.222600936889648,2.53,2.51,2.52,805.239990234375,3245.43994140625,2.363,21122.44921875,3.1059999465942383,41069.8203125,3573.2080078125,36.55199813842773,961.75,6339.39013671875,2.785,2.297,2.46,2.588,4.360000133514404,4.235000133514404,1391.510009765625,16.719999313354492,69.26000213623047,2.5,68.0,77.0,79.0,68.0,2.51,131.02,115.29,113.47,125.75,110.7,101.0,11945.1,141.97,127.86,11429.1,98.896,138.31,5902023.7,1288997.3,3994121.9,290233.3,120.19,2.308,2.4,62244.0,28385.8,1949977.5,1829684.1,
2025-08-31,68.12000274658203,2.521,2.521,194.99,4.518499851226807,398.0,2.906,2.73,45544.87890625,97.7699966430664,1616.1800537109375,3473.699951171875,9.429815292358398,2.51,2.5,2.53,796.9099731445312,3186.010009765625,2.355,21455.55078125,2.996999979019165,42718.46875,3857.927001953125,40.20000076293945,1036.75,6460.259765625,2.815,2.248,2.426,2.583,4.227000236511231,4.043000221252441,1384.4100341796875,15.359999656677246,64.01000213623047,2.5,70.0,74.0,85.0,69.0,2.51,130.91,114.84,112.84,128.96,111.2,101.0,9848.0,134.82,128.69,10715.4,98.938,132.5,5958122.3,1303412.2,4038586.0,291373.3,120.11,2.263,2.0,66613.0,28385.8,1949977.5,1829684.1,
2025-09-30,67.0199966430664,2.575,2.575,196.85,4.804999828338623,415.5,3.022,2.73,46397.890625,97.7699966430664,1647.1700439453125,3840.800048828125,9.4801025390625,2.59,2.54,2.58,841.989990234375,3424.60009765625,2.371,22660.009765625,3.302999973297119,44932.62890625,3882.777099609375,46.25299835205078,1001.75,6688.4599609375,2.951,2.325,2.582,2.734,4.1479997634887695,3.8450000286102295,1403.1500244140625,16.280000686645508,62.369998931884766,2.5,70.0,75.0,83.0,68.0,2.56,131.66,115.56,113.36,128.82,110.0,100.0,14220.3,151.89,129.37,15426.8,99.013,144.68,6000909.1,1316389.2,4059804.3,296697.5,120.54,2.28,2.1,66762.0,36013.4,1964816.7,1841597.8,
2025-10-31,65.06999969482422,2.511,2.511,200.34,5.065499782562256,431.5,3.122,2.76,47562.87109375,99.8000030517578,1647.0400390625,3982.199951171875,9.25244140625,2.68,2.59,2.64,900.4199829101562,4107.5,2.372,23724.9609375,4.124000072479248,52411.33984375,3954.7900390625,47.99399948120117,1099.75,6840.2001953125,3.061,2.438,2.716,2.855,4.10099983215332,3.7179999351501465,1424.02001953125,17.440000534057617,60.97999954223633,2.5,68.0,76.0,83.0,70.0,2.55,131.97,116.0,113.79,128.88,109.6,100.0,7567.6,133.06,134.7,9031.6,99.22,136.65,6028435.1,1325113.6,4057978.5,297022.7,120.94,2.332,2.2,69069.0,36013.4,1964816.7,1841597.8,
2025-11-30,63.20000076293945,2.514,2.514,207.88,5.185500144958496,435.5,3.428,3.07,47716.421875,99.45999908447266,1694.25,4218.2998046875,9.350296974182127,2.82,2.78,2.86,912.6699829101562,3926.590087890625,2.468,23365.689453125,4.849999904632568,50253.91015625,3888.595947265625,56.44599914550781,1137.75,6849.08984375,3.344,2.517,2.991,3.176,4.017000198364258,3.697000026702881,1461.4000244140625,16.350000381469727,58.54999923706055,2.5,70.0,75.0,80.0,70.0,2.69,132.45,115.82,113.64,127.08,112.3,101.0,12898.0,142.77,139.42,14697.1,99.521,130.65,6042378.8,1330387.2,4063174.9,300168.7,121.31,2.493,2.2,68794.0,36013.4,1964816.7,1841597.8,
2025-12-31,60.84999847412109,2.625,2.625,206.03,5.630000114440918,440.25,3.476,3.3,48063.2890625,98.27999877929688,1688.989990234375,4325.60009765625,9.193496704101562,2.82,2.82,2.84,925.469970703125,4214.169921875,2.404,23241.990234375,3.686000108718872,50339.48046875,3968.840087890625,70.13400268554688,1030.5,6845.5,3.385,2.556,2.953,3.24,4.163000106811523,3.546999931335449,1437.9100341796875,14.949999809265137,57.41999816894531,2.5,70.0,77.0,85.0,71.0,2.84,132.7,116.02,113.83,128.01,109.8,100.0,18702.6,162.11,140.28,18853.1,99.806,146.64,6064242.1,1335738.7,4081360.1,298662.8,121.76,2.549,4.1,66510.0,39168.2,1979088.6,1852904.1,
2026-01-31,70.69000244140625,2.546,2.546,207.19,5.896999835968018,428.25,3.658,3.13,48892.46875,96.98999786376952,1709.699951171875,4713.89990234375,9.328102111816406,2.92,2.73,2.78,1149.43994140625,5224.35986328125,2.461,23461.8203125,4.354000091552734,53322.8515625,4117.9482421875,78.29000091552734,1064.25,6939.02978515625,3.607,2.694,3.138,3.436,4.241000175476074,3.572000026702881,1428.760009765625,17.440000534057617,65.20999908447266,2.5,73.0,84.0,87.0,71.0,2.7,133.52,116.56,114.41,128.75,110.8,100.0,13259.1,154.7,145.86,15173.3,100.0,146.84,6112811.9,1353902.9,4113522.3,303623.8,122.56,2.581,4.1,66576.0,39168.2,1979088.6,1852904.1,
2026-02-28,72.4800033569336,2.602,2.602,209.94,6.004499912261963,438.75,3.637,3.13,48977.921875,97.61000061035156,1689.5400390625,5230.5,9.190692901611328,2.9,2.78,2.82,1192.780029296875,6244.1298828125,2.476,22668.2109375,2.858999967575073,58850.26953125,4162.880859375,92.68199920654295,1157.25,6878.8798828125,3.446,2.644,3.041,3.278,3.961999893188477,3.578000068664551,1432.3199462890625,19.86000061035156,67.0199966430664,2.5,72.0,79.0,89.0,71.0,2.78,133.76,116.93,114.87,129.12,112.1,101.0,23192.7,158.62,149.5,23363.6,100.299,133.5,6164596.4,1355537.5,4113728.6,303269.9,123.28,2.68,3.4,66208.0,39168.2,1979088.6,1852904.1,
2026-03-31,118.3499984741211,2.62,2.62,221.6,5.587500095367432,457.75,4.166,3.13,46341.51171875,99.95999908447266,1738.510009765625,4647.60009765625,9.480036735534668,3.19,2.84,2.92,1052.3900146484375,5052.4599609375,2.549,21590.630859375,2.884000062942505,51063.71875,3891.861083984375,74.69000244140625,1171.0,6528.52001953125,3.879,3.016,3.552,3.777,4.310999870300293,3.5999999046325684,1503.3299560546875,25.25,101.37999725341795,2.5,71.0,79.0,89.0,70.0,2.82,134.53,117.0,114.98,127.91,107.0,97.0,37928.4,203.63,174.92,35676.5,100.647,153.74,6189726.0,1365490.5,4128588.4,307246.2,125.35,2.864,3.0,65283.0,74380.2,1993923.9,1866323.3,
2026-04-30,114.01000213623048,2.554,2.554,216.84,5.926000118255615,464.75,4.248,3.08,49652.140625,98.08000183105467,1727.9100341796875,4614.7001953125,9.38931941986084,3.12,2.77,2.84,1192.3499755859375,6598.8701171875,2.565,24892.310546875,2.7669999599456787,59284.921875,4112.1591796875,73.53399658203125,1182.0,7209.009765625,3.923,3.02,3.595,3.78,4.389999866485596,3.5850000381469727,1474.010009765625,16.889999389648438,105.06999969482422,2.5,74.0,84.0,89.0,70.0,2.82,137.12,117.38,115.38,126.84,99.2,92.0,28292.3,203.06,188.02,33884.8,100.871,158.95,6221358.0,1372031.6,4152205.0,306015.3,128.75,2.959,2.9,65179.0,74380.2,1993923.9,1866323.3,
2026-05-31,92.0500030517578,2.592,2.592,222.72,6.359499931335449,446.75,4.353,3.07,51032.4609375,98.91000366210938,1739.1400146484375,4560.5,9.383105278015137,3.41,2.85,3.0,1074.800048828125,8476.150390625,2.624,26972.619140625,3.289999961853028,66329.5,4068.569091796875,75.61599731445312,1186.75,7580.06005859375,4.068,3.174,3.731,3.924,4.453000068664551,3.588000059127808,1495.2900390625,15.31999969482422,87.36000061035156,2.5,80.0,88.0,94.0,74.0,2.82,137.8,117.97,115.97,126.79,106.1,97.0,38607.4,209.43,188.82,37859.2,101.042,155.65,6308108.7,1397346.7,4183579.2,309249.2,129.98,3.103,2.9,65239.0,74380.2,1993923.9,1866323.3,
